{
    "top1": 0.7752016186714172,
    "top5": 0.9375,
    "top10": 0.9637096524238586
}