{
    "top1": 0.8467742204666138,
    "top5": 0.975806474685669,
    "top10": 0.9899193644523621
}