{
    "top1": 0.0010080645161290322,
    "top5": 0.0010080645161290322,
    "top10": 0.0030241935483870967
}