{
    "top1": 0.7328629032258065,
    "top5": 0.9193548387096774,
    "top10": 0.9546370967741935
}