{
    "top1": 0.7233053935860059,
    "top5": 0.9074344023323615,
    "top10": 0.9420553935860059
}