{
    "top1": 0.7620967741935484,
    "top5": 0.9314516129032258,
    "top10": 0.9586693548387096
}