{
    "top1": 0.73442055393586,
    "top5": 0.9096209912536443,
    "top10": 0.9450619533527697
}