{
    "top1": 0.7028061151504517,
    "top5": 0.8928571343421936,
    "top10": 0.9335823655128479
}