{
    "top1": 0.774193525314331,
    "top5": 0.9385080933570862,
    "top10": 0.96875
}