{
    "top1": 0.788306474685669,
    "top5": 0.9516128897666931,
    "top10": 0.9707661271095276
}