{
    "top1": 0.7913306451612904,
    "top5": 0.9375,
    "top10": 0.9647177419354839
}