{
    "top1": 0.6879555393586005,
    "top5": 0.8838374635568513,
    "top10": 0.9258381924198251
}