{
    "top1": 0.719569981098175,
    "top5": 0.9027879238128662,
    "top10": 0.9380466341972351
}