{
    "top1": 0.850806474685669,
    "top5": 0.9747983813285828,
    "top10": 0.9909273982048035
}