{
    "top1": 0.7762096524238586,
    "top5": 0.9375,
    "top10": 0.9627016186714172
}