{
    "top1": 0.8039358854293823,
    "top5": 0.9514394998550415,
    "top10": 0.9723942875862122
}